{
  "method": "FedAvg",
  "n_clients": 16,
  "n_rounds": 3,
  "losses": [
    [
      1,
      0.5168303782759823
    ],
    [
      2,
      0.6004125618031197
    ],
    [
      3,
      0.7510580716151519
    ]
  ],
  "f1_history": [
    [
      1,
      0.584293344288332
    ],
    [
      2,
      0.5857032823794288
    ],
    [
      3,
      0.5859202846763147
    ]
  ],
  "auc_history": [
    [
      1,
      0.7743895977320867
    ],
    [
      2,
      0.7748569634822912
    ],
    [
      3,
      0.7720169189015429
    ]
  ],
  "final_f1": 0.5859202846763147,
  "final_auc": 0.7720169189015429,
  "final_nmi": 0.0,
  "final_ari": 0.0
}