{
  "method": "FedRankX",
  "n_clients": 16,
  "n_rounds": 3,
  "top_k": 15,
  "rank_metric": "spearman",
  "linkage_method": "ward",
  "distance_threshold": 0.5,
  "n_clusters_target": null,
  "losses": [
    [
      1,
      0.42332763400107887
    ],
    [
      2,
      0.34918462419649016
    ],
    [
      3,
      0.32077606092759486
    ]
  ],
  "f1_history": [
    [
      1,
      0.580929951540022
    ],
    [
      2,
      0.5844565995347601
    ],
    [
      3,
      0.5857009864307007
    ]
  ],
  "auc_history": [
    [
      1,
      0.7983672500384259
    ],
    [
      2,
      0.7986062682542878
    ],
    [
      3,
      0.798628892688677
    ]
  ],
  "round_cluster_history": [
    {
      "round": 1,
      "cluster_labels": [
        8,
        3,
        4,
        6,
        0,
        0,
        0,
        0,
        9,
        1,
        7,
        10,
        0,
        0,
        5,
        2
      ],
      "client_ids": [
        0,
        1,
        2,
        3,
        4,
        5,
        6,
        7,
        8,
        9,
        10,
        11,
        12,
        13,
        14,
        15
      ],
      "n_clusters": 11,
      "nmi": 0.721745621987266,
      "ari": 0.3,
      "n_clusters_discovered": 11
    },
    {
      "round": 2,
      "cluster_labels": [
        10,
        1,
        3,
        5,
        0,
        0,
        0,
        0,
        2,
        8,
        6,
        7,
        0,
        0,
        9,
        4
      ],
      "client_ids": [
        0,
        1,
        2,
        3,
        4,
        5,
        6,
        7,
        8,
        9,
        10,
        11,
        12,
        13,
        14,
        15
      ],
      "n_clusters": 11,
      "nmi": 0.721745621987266,
      "ari": 0.3,
      "n_clusters_discovered": 11
    },
    {
      "round": 3,
      "cluster_labels": [
        10,
        6,
        1,
        5,
        0,
        0,
        0,
        0,
        3,
        8,
        2,
        4,
        0,
        0,
        7,
        9
      ],
      "client_ids": [
        0,
        1,
        2,
        3,
        4,
        5,
        6,
        7,
        8,
        9,
        10,
        11,
        12,
        13,
        14,
        15
      ],
      "n_clusters": 11,
      "nmi": 0.721745621987266,
      "ari": 0.3,
      "n_clusters_discovered": 11
    }
  ],
  "final_f1": 0.5857009864307007,
  "final_auc": 0.798628892688677,
  "final_nmi": 0.721745621987266,
  "final_ari": 0.3
}