{
  "method": "IFCA",
  "n_clients": 32,
  "n_rounds": 30,
  "losses": [
    [
      1,
      2.9750337034988985
    ],
    [
      2,
      3.209104228755423
    ],
    [
      3,
      3.257260080463691
    ],
    [
      4,
      3.2406071162544055
    ],
    [
      5,
      3.220344175637051
    ],
    [
      6,
      3.180993521153457
    ],
    [
      7,
      3.152409455681249
    ],
    [
      8,
      3.1212518237089655
    ],
    [
      9,
      3.1024375583569164
    ],
    [
      10,
      3.07702960714809
    ],
    [
      11,
      3.0639772610549247
    ],
    [
      12,
      3.045414535967383
    ],
    [
      13,
      3.0262025227716385
    ],
    [
      14,
      3.002633643668272
    ],
    [
      15,
      2.980587244954474
    ],
    [
      16,
      2.9657759060756606
    ],
    [
      17,
      2.9464805324868677
    ],
    [
      18,
      2.909422385122564
    ],
    [
      19,
      2.872626719464404
    ],
    [
      20,
      2.850776226677253
    ],
    [
      21,
      2.8244847429360607
    ],
    [
      22,
      2.7978046156085563
    ],
    [
      23,
      2.786533890794992
    ],
    [
      24,
      2.769400158937684
    ],
    [
      25,
      2.7556080257169233
    ],
    [
      26,
      2.740541100664156
    ],
    [
      27,
      2.7281310300094828
    ],
    [
      28,
      2.714945738943138
    ],
    [
      29,
      2.706458291135647
    ],
    [
      30,
      2.7020168020166557
    ]
  ],
  "f1_history": [
    [
      1,
      0.7850373761001586
    ],
    [
      2,
      0.7856443085384517
    ],
    [
      3,
      0.7859099234536661
    ],
    [
      4,
      0.7859099234536661
    ],
    [
      5,
      0.7859015687032088
    ],
    [
      6,
      0.7859015687032088
    ],
    [
      7,
      0.7859015687032088
    ],
    [
      8,
      0.7859015687032088
    ],
    [
      9,
      0.785793489225426
    ],
    [
      10,
      0.785793489225426
    ],
    [
      11,
      0.785793489225426
    ],
    [
      12,
      0.785793489225426
    ],
    [
      13,
      0.7859372945351605
    ],
    [
      14,
      0.7859372945351605
    ],
    [
      15,
      0.7859372945351605
    ],
    [
      16,
      0.7857804991599424
    ],
    [
      17,
      0.7856598649687658
    ],
    [
      18,
      0.7856598649687658
    ],
    [
      19,
      0.7857804991599424
    ],
    [
      20,
      0.7856598649687658
    ],
    [
      21,
      0.7856598649687658
    ],
    [
      22,
      0.7855510502564402
    ],
    [
      23,
      0.7855510502564402
    ],
    [
      24,
      0.7854291743981595
    ],
    [
      25,
      0.7854291743981595
    ],
    [
      26,
      0.7854291743981595
    ],
    [
      27,
      0.7854291743981595
    ],
    [
      28,
      0.7854291743981595
    ],
    [
      29,
      0.7855379891104852
    ],
    [
      30,
      0.7855379891104852
    ]
  ],
  "auc_history": [
    [
      1,
      0.7570699478898621
    ],
    [
      2,
      0.757404817845537
    ],
    [
      3,
      0.7572714655746771
    ],
    [
      4,
      0.757270866699073
    ],
    [
      5,
      0.7573701929143394
    ],
    [
      6,
      0.7574708083606436
    ],
    [
      7,
      0.7578294880356166
    ],
    [
      8,
      0.7578265706097723
    ],
    [
      9,
      0.7578168608980661
    ],
    [
      10,
      0.7580713997978408
    ],
    [
      11,
      0.7580642102041905
    ],
    [
      12,
      0.7580553810503793
    ],
    [
      13,
      0.7580538330282997
    ],
    [
      14,
      0.7581743620645742
    ],
    [
      15,
      0.7581812861905808
    ],
    [
      16,
      0.7585382447959979
    ],
    [
      17,
      0.7585367127372229
    ],
    [
      18,
      0.758530973632561
    ],
    [
      19,
      0.7585590596475025
    ],
    [
      20,
      0.758694840190344
    ],
    [
      21,
      0.7586948313925533
    ],
    [
      22,
      0.7588185081946025
    ],
    [
      23,
      0.758819792468124
    ],
    [
      24,
      0.7589233555432403
    ],
    [
      25,
      0.7589233211692363
    ],
    [
      26,
      0.7589233211692363
    ],
    [
      27,
      0.7589248894643832
    ],
    [
      28,
      0.7589278650945175
    ],
    [
      29,
      0.7589236564463346
    ],
    [
      30,
      0.7589264422894106
    ]
  ],
  "final_f1": 0.7855379891104852,
  "final_auc": 0.7589264422894106,
  "final_nmi": 0.0,
  "final_ari": 0.0
}