{
  "method": "FedAvg",
  "n_clients": 16,
  "n_rounds": 3,
  "losses": [
    [
      1,
      0.5995801266186811
    ],
    [
      2,
      0.7010079425578761
    ],
    [
      3,
      0.9252878416099414
    ]
  ],
  "f1_history": [
    [
      1,
      0.7847114662619507
    ],
    [
      2,
      0.7892914775777059
    ],
    [
      3,
      0.7935293161769147
    ]
  ],
  "auc_history": [
    [
      1,
      0.7829596407771638
    ],
    [
      2,
      0.786811720517456
    ],
    [
      3,
      0.7833912607709599
    ]
  ],
  "final_f1": 0.7935293161769147,
  "final_auc": 0.7833912607709599,
  "final_nmi": 0.0,
  "final_ari": 0.0
}