{
  "method": "FedRankX",
  "n_clients": 16,
  "n_rounds": 3,
  "top_k": 15,
  "rank_metric": "spearman",
  "linkage_method": "ward",
  "distance_threshold": 0.5,
  "n_clusters_target": null,
  "losses": [
    [
      1,
      0.3884645535643696
    ],
    [
      2,
      0.308080705903146
    ],
    [
      3,
      0.2794439419472885
    ]
  ],
  "f1_history": [
    [
      1,
      0.8292294872044245
    ],
    [
      2,
      0.8471814824482212
    ],
    [
      3,
      0.8504147807690742
    ]
  ],
  "auc_history": [
    [
      1,
      0.9252637147470606
    ],
    [
      2,
      0.9263634510322712
    ],
    [
      3,
      0.9279655668271762
    ]
  ],
  "round_cluster_history": [
    {
      "round": 1,
      "cluster_labels": [
        7,
        5,
        3,
        6,
        0,
        0,
        0,
        0,
        2,
        2,
        2,
        4,
        0,
        0,
        1,
        1
      ],
      "client_ids": [
        0,
        1,
        2,
        3,
        4,
        5,
        6,
        7,
        8,
        9,
        10,
        11,
        12,
        13,
        14,
        15
      ],
      "n_clusters": 8,
      "nmi": 0.7844624074146151,
      "ari": 0.47959183673469385,
      "n_clusters_discovered": 8
    },
    {
      "round": 2,
      "cluster_labels": [
        2,
        4,
        3,
        2,
        0,
        0,
        0,
        0,
        5,
        5,
        5,
        6,
        0,
        0,
        1,
        1
      ],
      "client_ids": [
        0,
        1,
        2,
        3,
        4,
        5,
        6,
        7,
        8,
        9,
        10,
        11,
        12,
        13,
        14,
        15
      ],
      "n_clusters": 7,
      "nmi": 0.8051782960176554,
      "ari": 0.52,
      "n_clusters_discovered": 7
    },
    {
      "round": 3,
      "cluster_labels": [
        3,
        5,
        2,
        3,
        0,
        0,
        0,
        0,
        2,
        2,
        2,
        4,
        0,
        0,
        1,
        1
      ],
      "client_ids": [
        0,
        1,
        2,
        3,
        4,
        5,
        6,
        7,
        8,
        9,
        10,
        11,
        12,
        13,
        14,
        15
      ],
      "n_clusters": 6,
      "nmi": 0.7516906589671307,
      "ari": 0.46226415094339623,
      "n_clusters_discovered": 6
    }
  ],
  "final_f1": 0.8504147807690742,
  "final_auc": 0.9279655668271762,
  "final_nmi": 0.7516906589671307,
  "final_ari": 0.46226415094339623
}