{
  "method": "FedClust",
  "n_clients": 32,
  "n_rounds": 30,
  "losses": [
    [
      1,
      0.9496067231100634
    ],
    [
      2,
      1.44133789358447
    ],
    [
      3,
      1.7659502534231961
    ],
    [
      4,
      2.855409406757381
    ],
    [
      5,
      3.07975795292461
    ],
    [
      6,
      3.215701947962652
    ],
    [
      7,
      3.1827999193009187
    ],
    [
      8,
      3.228286096432295
    ],
    [
      9,
      3.2707861453310776
    ],
    [
      10,
      3.3062414423470097
    ],
    [
      11,
      3.3426488704572823
    ],
    [
      12,
      3.3599907815298606
    ],
    [
      13,
      3.373834914459087
    ],
    [
      14,
      3.3854231090229026
    ],
    [
      15,
      3.3926298050871737
    ],
    [
      16,
      3.400363128216629
    ],
    [
      17,
      3.4089678111937043
    ],
    [
      18,
      3.41332311110132
    ],
    [
      19,
      3.4209051688700987
    ],
    [
      20,
      3.427115226800887
    ],
    [
      21,
      3.4294280026749457
    ],
    [
      22,
      3.4359700943044142
    ],
    [
      23,
      3.439910541782222
    ],
    [
      24,
      3.3070009863222607
    ],
    [
      25,
      3.45089698512822
    ],
    [
      26,
      3.4543919642544916
    ],
    [
      27,
      3.4558508294943477
    ],
    [
      28,
      3.458419014446285
    ],
    [
      29,
      3.4603697219798133
    ],
    [
      30,
      3.461775679392476
    ]
  ],
  "f1_history": [
    [
      1,
      0.6577936796688303
    ],
    [
      2,
      0.6527086674546376
    ],
    [
      3,
      0.6435581773777607
    ],
    [
      4,
      0.5979218653432012
    ],
    [
      5,
      0.589691331041172
    ],
    [
      6,
      0.6086712694886387
    ],
    [
      7,
      0.6103908115682145
    ],
    [
      8,
      0.6116552354214526
    ],
    [
      9,
      0.6112375853668833
    ],
    [
      10,
      0.6119825446021454
    ],
    [
      11,
      0.6119051390397051
    ],
    [
      12,
      0.6112355795027662
    ],
    [
      13,
      0.6119420951516614
    ],
    [
      14,
      0.6118103357130362
    ],
    [
      15,
      0.6098025080892677
    ],
    [
      16,
      0.6100668982818385
    ],
    [
      17,
      0.6094802654767839
    ],
    [
      18,
      0.6107471611254873
    ],
    [
      19,
      0.6106227799776793
    ],
    [
      20,
      0.6109850752602781
    ],
    [
      21,
      0.6104953582266157
    ],
    [
      22,
      0.6102062883991561
    ],
    [
      23,
      0.6111103194645295
    ],
    [
      24,
      0.6157415465641206
    ],
    [
      25,
      0.6113497776158294
    ],
    [
      26,
      0.6108025819933943
    ],
    [
      27,
      0.6102684945832768
    ],
    [
      28,
      0.6109885836467425
    ],
    [
      29,
      0.6109885836467425
    ],
    [
      30,
      0.6109885836467425
    ]
  ],
  "auc_history": [
    [
      1,
      0.7762011315427867
    ],
    [
      2,
      0.7666828733763721
    ],
    [
      3,
      0.7611146339476791
    ],
    [
      4,
      0.7357578447093857
    ],
    [
      5,
      0.729593223099
    ],
    [
      6,
      0.7292067695607035
    ],
    [
      7,
      0.7261896247392867
    ],
    [
      8,
      0.7260951025451428
    ],
    [
      9,
      0.7253811412572598
    ],
    [
      10,
      0.7253596979616457
    ],
    [
      11,
      0.7252337004087008
    ],
    [
      12,
      0.7253646630235429
    ],
    [
      13,
      0.7253466527789946
    ],
    [
      14,
      0.7253733694919946
    ],
    [
      15,
      0.7252875801029937
    ],
    [
      16,
      0.7258808139373542
    ],
    [
      17,
      0.7259100869223066
    ],
    [
      18,
      0.7259397804490046
    ],
    [
      19,
      0.7256256991820794
    ],
    [
      20,
      0.7264766405929785
    ],
    [
      21,
      0.7263632914476882
    ],
    [
      22,
      0.7263774935075732
    ],
    [
      23,
      0.7263649278555409
    ],
    [
      24,
      0.7310949853033983
    ],
    [
      25,
      0.726434457913814
    ],
    [
      26,
      0.7263599629410964
    ],
    [
      27,
      0.7263771052848123
    ],
    [
      28,
      0.7263529129081908
    ],
    [
      29,
      0.7262894667664738
    ],
    [
      30,
      0.7262592805001244
    ]
  ],
  "final_f1": 0.6109885836467425,
  "final_auc": 0.7262592805001244,
  "final_nmi": 0.0,
  "final_ari": 0.0,
  "round_cluster_history": [
    {
      "round": 1,
      "cluster_labels": [
        3,
        2,
        1,
        1,
        1,
        2,
        3,
        3,
        6,
        6,
        6,
        6,
        6,
        6,
        4,
        4,
        4,
        4,
        4,
        4,
        0,
        0,
        0,
        0,
        0,
        0,
        0,
        0,
        5,
        5,
        5,
        5
      ]
    },
    {
      "round": 2,
      "cluster_labels": [
        3,
        1,
        3,
        2,
        3,
        2,
        1,
        1,
        4,
        4,
        4,
        4,
        4,
        4,
        7,
        9,
        8,
        6,
        6,
        7,
        0,
        0,
        0,
        0,
        0,
        0,
        0,
        0,
        5,
        5,
        5,
        5
      ]
    },
    {
      "round": 3,
      "cluster_labels": [
        4,
        1,
        1,
        2,
        2,
        2,
        1,
        3,
        6,
        6,
        6,
        6,
        6,
        6,
        8,
        10,
        9,
        7,
        7,
        8,
        0,
        0,
        0,
        0,
        0,
        0,
        0,
        0,
        5,
        5,
        5,
        5
      ]
    },
    {
      "round": 4,
      "cluster_labels": [
        6,
        5,
        2,
        3,
        3,
        5,
        5,
        4,
        1,
        1,
        1,
        1,
        1,
        1,
        8,
        10,
        9,
        7,
        7,
        8,
        0,
        0,
        0,
        0,
        0,
        0,
        0,
        0,
        2,
        2,
        2,
        2
      ]
    },
    {
      "round": 5,
      "cluster_labels": [
        5,
        3,
        1,
        4,
        4,
        2,
        3,
        2,
        6,
        6,
        6,
        6,
        6,
        6,
        8,
        10,
        9,
        7,
        7,
        8,
        0,
        0,
        0,
        0,
        0,
        0,
        0,
        0,
        1,
        1,
        1,
        1
      ]
    },
    {
      "round": 6,
      "cluster_labels": [
        6,
        4,
        2,
        1,
        1,
        5,
        4,
        5,
        7,
        7,
        7,
        7,
        7,
        7,
        9,
        11,
        10,
        8,
        8,
        9,
        0,
        0,
        0,
        0,
        0,
        0,
        0,
        0,
        2,
        3,
        2,
        2
      ]
    },
    {
      "round": 7,
      "cluster_labels": [
        6,
        4,
        1,
        5,
        5,
        3,
        4,
        3,
        7,
        7,
        7,
        7,
        7,
        7,
        9,
        11,
        10,
        8,
        8,
        9,
        0,
        0,
        0,
        0,
        0,
        0,
        0,
        0,
        1,
        2,
        7,
        1
      ]
    },
    {
      "round": 8,
      "cluster_labels": [
        6,
        4,
        1,
        5,
        5,
        3,
        4,
        3,
        7,
        7,
        7,
        7,
        7,
        7,
        9,
        11,
        10,
        8,
        8,
        9,
        0,
        0,
        0,
        0,
        0,
        0,
        0,
        0,
        1,
        2,
        7,
        1
      ]
    },
    {
      "round": 9,