{
  "method": "FedAvg",
  "n_clients": 32,
  "n_rounds": 30,
  "losses": [
    [
      1,
      2.4085820197474406
    ],
    [
      2,
      3.192733791285965
    ],
    [
      3,
      3.2594151192279823
    ],
    [
      4,
      3.33752803657678
    ],
    [
      5,
      3.4049248175443174
    ],
    [
      6,
      3.396160876088749
    ],
    [
      7,
      3.391811500761484
    ],
    [
      8,
      3.394753868816014
    ],
    [
      9,
      3.3891317307056914
    ],
    [
      10,
      3.3774719444598698
    ],
    [
      11,
      3.36203328734135
    ],
    [
      12,
      3.346511003781329
    ],
    [
      13,
      3.3293389921688465
    ],
    [
      14,
      3.313579742536557
    ],
    [
      15,
      3.2973687513840653
    ],
    [
      16,
      3.284966369563595
    ],
    [
      17,
      3.273459734307856
    ],
    [
      18,
      3.2616593565944942
    ],
    [
      19,
      3.251649770404903
    ],
    [
      20,
      3.2419508188668478
    ],
    [
      21,
      3.230975403223873
    ],
    [
      22,
      3.2183900142590782
    ],
    [
      23,
      3.208770326198004
    ],
    [
      24,
      3.1940579672716116
    ],
    [
      25,
      3.1809701899119496
    ],
    [
      26,
      3.172295815081061
    ],
    [
      27,
      3.1645516941722502
    ],
    [
      28,
      3.154499860913589
    ],
    [
      29,
      3.1417887801218205
    ],
    [
      30,
      3.123124925374546
    ]
  ],
  "f1_history": [
    [
      1,
      0.7833786168655081
    ],
    [
      2,
      0.7842697916628216
    ],
    [
      3,
      0.7847986375305418
    ],
    [
      4,
      0.7848727434517409
    ],
    [
      5,
      0.7850816603695735
    ],
    [
      6,
      0.7850014196837131
    ],
    [
      7,
      0.7850014196837131
    ],
    [
      8,
      0.7850014196837131
    ],
    [
      9,
      0.7851166704433942
    ],
    [
      10,
      0.7849613980841744
    ],
    [
      11,
      0.7849613980841744
    ],
    [
      12,
      0.7849613980841744
    ],
    [
      13,
      0.7849613980841744
    ],
    [
      14,
      0.7849613980841744
    ],
    [
      15,
      0.7851065578760733
    ],
    [
      16,
      0.7851065578760733
    ],
    [
      17,
      0.7851065578760733
    ],
    [
      18,
      0.7851065578760733
    ],
    [
      19,
      0.7851065578760733
    ],
    [
      20,
      0.7852116857115212
    ],
    [
      21,
      0.7852116857115212
    ],
    [
      22,
      0.7852116857115212
    ],
    [
      23,
      0.7852116857115212
    ],
    [
      24,
      0.7852116857115212
    ],
    [
      25,
      0.785314754882387
    ],
    [
      26,
      0.785314754882387
    ],
    [
      27,
      0.785314754882387
    ],
    [
      28,
      0.785314754882387
    ],
    [
      29,
      0.785314754882387
    ],
    [
      30,
      0.785314754882387
    ]
  ],
  "auc_history": [
    [
      1,
      0.7526379108553669
    ],
    [
      2,
      0.7565885296919223
    ],
    [
      3,
      0.7571877671869058
    ],
    [
      4,
      0.7571644719654346
    ],
    [
      5,
      0.7570314989699133
    ],
    [
      6,
      0.757032856030491
    ],
    [
      7,
      0.7570197035099503
    ],
    [
      8,
      0.7570224483121487
    ],
    [
      9,
      0.7570253147015222
    ],
    [
      10,
      0.7571394377574797
    ],
    [
      11,
      0.7570361173047725
    ],
    [
      12,
      0.7571368811401072
    ],
    [
      13,
      0.7572420145766133
    ],
    [
      14,
      0.7573427369695761
    ],
    [
      15,
      0.7573472758712441
    ],
    [
      16,
      0.7574463229104978
    ],
    [
      17,
      0.7575683240228922
    ],
    [
      18,
      0.7576946486361
    ],
    [
      19,
      0.7578235123662076
    ],
    [
      20,
      0.7578236758264314
    ],
    [
      21,
      0.7579338464558965
    ],
    [
      22,
      0.7580357432453932
    ],
    [
      23,
      0.7580412594052701
    ],
    [
      24,
      0.7580440509330596
    ],
    [
      25,
      0.7582709981087744
    ],
    [
      26,
      0.7583985968744862
    ],
    [
      27,
      0.7584003127480708
    ],
    [
      28,
      0.758398704868162
    ],
    [
      29,
      0.7584000522166422
    ],
    [
      30,
      0.7583942349600459
    ]
  ],
  "final_f1": 0.785314754882387,
  "final_auc": 0.7583942349600459,
  "final_nmi": 0.0,
  "final_ari": 0.0
}