{
  "method": "LocalOnly",
  "n_clients": 16,
  "n_rounds": 1,
  "per_client_f1": [
    0.0,
    0.0,
    0.0,
    0.0,
    0.0,
    0.0,
    0.0,
    0.0,
    0.0,
    0.0,
    0.0,
    0.0,
    0.6784140969162996,
    0.0,
    0.7238095238095238,
    0.6888888888888889
  ],
  "per_client_auc": [
    0.5,
    0.5,
    0.5,
    0.5,
    0.5,
    0.5,
    0.5,
    0.5,
    0.5,
    0.5,
    0.5,
    0.5,
    0.5,
    0.5,
    0.9061319906491637,
    0.8800521512385919
  ],
  "final_f1": 0.1306945318509195,
  "final_auc": 0.5491365088679847,
  "f1_std": 0.27219212474773674,
  "auc_std": 0.13008470495940264,
  "f1_history": [
    [
      1,
      0.1306945318509195
    ]
  ],
  "auc_history": [
    [
      1,
      0.5491365088679847
    ]
  ],
  "final_nmi": 0.0,
  "final_ari": 0.0
}