{
  "method": "IFCA",
  "n_clients": 32,
  "n_rounds": 30,
  "losses": [
    [
      1,
      0.8237943373829426
    ],
    [
      2,
      0.7715739822432481
    ],
    [
      3,
      0.7760715398628878
    ],
    [
      4,
      0.7759473623524877
    ],
    [
      5,
      0.7816452681431264
    ],
    [
      6,
      0.7870435342024236
    ],
    [
      7,
      0.7875191027578727
    ],
    [
      8,
      0.789406768139316
    ],
    [
      9,
      0.7907445509856948
    ],
    [
      10,
      0.7928003775252804
    ],
    [
      11,
      0.7934695819842352
    ],
    [
      12,
      0.7956085039006674
    ],
    [
      13,
      0.7968383043868817
    ],
    [
      14,
      0.7976655520147812
    ],
    [
      15,
      0.7985668907381189
    ],
    [
      16,
      0.7977233865719816
    ],
    [
      17,
      0.7973856536063649
    ],
    [
      18,
      0.7976582970955147
    ],
    [
      19,
      0.7980938077583656
    ],
    [
      20,
      0.7978701342258531
    ],
    [
      21,
      0.7975251408657719
    ],
    [
      22,
      0.7971668864900608
    ],
    [
      23,
      0.7974998220767537
    ],
    [
      24,
      0.7977867043411238
    ],
    [
      25,
      0.7980952256124543
    ],
    [
      26,
      0.7987665896386674
    ],
    [
      27,
      0.7989133007631971
    ],
    [
      28,
      0.7993153464394179
    ],
    [
      29,
      0.799357726574046
    ],
    [
      30,
      0.7999450520540402
    ]
  ],
  "f1_history": [
    [
      1,
      0.7312279651600484
    ],
    [
      2,
      0.6702281069320984
    ],
    [
      3,
      0.670919839027813
    ],
    [
      4,
      0.6696328158132568
    ],
    [
      5,
      0.6622886448809526
    ],
    [
      6,
      0.6623686951989208
    ],
    [
      7,
      0.663452141502835
    ],
    [
      8,
      0.663452141502835
    ],
    [
      9,
      0.22644049457807233
    ],
    [
      10,
      0.2261226150788548
    ],
    [
      11,
      0.2261226150788548
    ],
    [
      12,
      0.226335052435731
    ],
    [
      13,
      0.2261895580719949
    ],
    [
      14,
      0.2261895580719949
    ],
    [
      15,
      0.2252594985481854
    ],
    [
      16,
      0.2261895580719949
    ],
    [
      17,
      0.2261895580719949
    ],
    [
      18,
      0.22677700416073485
    ],
    [
      19,
      0.2258469446369253
    ],
    [
      20,
      0.22677700416073485
    ],
    [
      21,
      0.22584075651811342
    ],
    [
      22,
      0.2255343839690938
    ],
    [
      23,
      0.2255343839690938
    ],
    [
      24,
      0.22586134573971756
    ],
    [
      25,
      0.22586134573971756
    ],
    [
      26,
      0.22586134573971756
    ],
    [
      27,
      0.22586134573971756
    ],
    [
      28,
      0.22586134573971756
    ],
    [
      29,
      0.2255343839690938
    ],
    [
      30,
      0.2255405720879057
    ]
  ],
  "auc_history": [
    [
      1,
      0.5884588086984346
    ],
    [
      2,
      0.5870019757459194
    ],
    [
      3,
      0.5870188624005674
    ],
    [
      4,
      0.5869770830266575
    ],
    [
      5,
      0.5870649627339515
    ],
    [
      6,
      0.58703794722973
    ],
    [
      7,
      0.5870980193166012
    ],
    [
      8,
      0.5871019612580176
    ],
    [
      9,
      0.5871151648135859
    ],
    [
      10,
      0.5870869170800814
    ],
    [
      11,
      0.5870250331056475
    ],
    [
      12,
      0.5870051064257531
    ],
    [
      13,
      0.5870688604796808
    ],
    [
      14,
      0.5869925122295921
    ],
    [
      15,
      0.5869986548964489
    ],
    [
      16,
      0.5870280228090813
    ],
    [
      17,
      0.5870496669735144
    ],
    [
      18,
      0.5871115811882984
    ],
    [
      19,
      0.5871253274269923
    ],
    [
      20,
      0.587107398568702
    ],
    [
      21,
      0.5871351712135817
    ],
    [
      22,
      0.5871459127073083
    ],
    [
      23,
      0.5871456718856248
    ],
    [
      24,
      0.5870838833782116
    ],
    [
      25,
      0.5870753831893042
    ],
    [
      26,
      0.5870785951515118
    ],
    [
      27,
      0.5870372002257623
    ],
    [
      28,
      0.5870282357966172
    ],
    [
      29,
      0.587039424127452
    ],
    [
      30,
      0.5870411837889039
    ]
  ],
  "final_f1": 0.2255405720879057,
  "final_auc": 0.5870411837889039,
  "final_nmi": 0.0,
  "final_ari": 0.0
}