{
  "method": "LocalOnly",
  "n_clients": 32,
  "n_rounds": 1,
  "per_client_f1": [
    0.9533678756476683,
    0.8235294117647058,
    0.9036144578313253,
    0.7301587301587301,
    0.7796610169491526,
    0.6666666666666666,
    0.9081632653061225,
    0.934010152284264,
    0.47058823529411764,
    0.8442211055276382,
    0.6486486486486487,
    0.4888888888888889,
    0.8785046728971962,
    0.8341708542713567,
    0.9494949494949495,
    0.9052631578947369,
    0.8808290155440415,
    0.919431279620853,
    0.93,
    0.9285714285714286,
    0.6037735849056604,
    0.8282828282828283,
    0.509090909090909,
    0.8350515463917526,
    0.8393782383419689,
    0.7361963190184049,
    0.7153284671532847,
    0.45454545454545453,
    0.425531914893617,
    0.5370370370370371,
    0.1276595744680851,
    0.8252427184466019
  ],
  "per_client_auc": [
    0.9410430839002268,
    0.9129841789416258,
    0.8843947217441194,
    0.8558682223747427,
    0.8921370967741935,
    0.8698501872659176,
    0.8712280701754387,
    0.8849122807017544,
    0.7361709770114943,
    0.6467313218390806,
    0.66312893081761,
    0.6395071542130366,
    0.6721466364323507,
    0.6330309901738473,
    0.9138438880706923,
    0.838366506520247,
    0.8059649122807018,
    0.846938775510204,
    0.8904454022988506,
    0.8689248895434463,
    0.8161403508771929,
    0.6787719298245615,
    0.7614035087719297,
    0.7139175257731959,
    0.6483415233415233,
    0.7176,
    0.7527272727272727,
    0.7940287226001512,
    0.714080459770115,
    0.6818181818181819,
    0.5237481590574374,
    0.546759941089838
  ],
  "final_f1": 0.7442157001824405,
  "final_auc": 0.7692798688200306,
  "f1_std": 0.19625050964254015,
  "auc_std": 0.11207574524020213,
  "f1_history": [
    [
      1,
      0.7442157001824405
    ]
  ],
  "auc_history": [
    [
      1,
      0.7692798688200306
    ]
  ],
  "final_nmi": 0.0,
  "final_ari": 0.0
}