{
  "method": "FedAvg",
  "n_clients": 32,
  "n_rounds": 30,
  "losses": [
    [
      1,
      0.9867121005222284
    ],
    [
      2,
      0.8889484606696896
    ],
    [
      3,
      0.8743089620763022
    ],
    [
      4,
      0.8355390322440308
    ],
    [
      5,
      0.8114791584811831
    ],
    [
      6,
      0.7989739640766644
    ],
    [
      7,
      0.797532826404332
    ],
    [
      8,
      0.8009912274483589
    ],
    [
      9,
      0.8070448269784422
    ],
    [
      10,
      0.8148027705191245
    ],
    [
      11,
      0.8187717839433786
    ],
    [
      12,
      0.8195591596882122
    ],
    [
      13,
      0.8214146127281032
    ],
    [
      14,
      0.8216943231087636
    ],
    [
      15,
      0.821905295065043
    ],
    [
      16,
      0.8220305620270982
    ],
    [
      17,
      0.8227052099500965
    ],
    [
      18,
      0.8240399745721255
    ],
    [
      19,
      0.8248175209008303
    ],
    [
      20,
      0.826077244475302
    ],
    [
      21,
      0.8269913597660143
    ],
    [
      22,
      0.8280465122054256
    ],
    [
      23,
      0.8290150895221121
    ],
    [
      24,
      0.8299663470892066
    ],
    [
      25,
      0.8307519761661917
    ],
    [
      26,
      0.8316713120554754
    ],
    [
      27,
      0.8324988465929315
    ],
    [
      28,
      0.8333617672041709
    ],
    [
      29,
      0.8341777501554779
    ],
    [
      30,
      0.8348730200835368
    ]
  ],
  "f1_history": [
    [
      1,
      0.7324289533239474
    ],
    [
      2,
      0.7287981778772293
    ],
    [
      3,
      0.7277773715435133
    ],
    [
      4,
      0.7285210811453107
    ],
    [
      5,
      0.7292590259845759
    ],
    [
      6,
      0.7289480807109442
    ],
    [
      7,
      0.7285082612383068
    ],
    [
      8,
      0.728615724005865
    ],
    [
      9,
      0.7182283383145417
    ],
    [
      10,
      0.28720868565205826
    ],
    [
      11,
      0.28720868565205826
    ],
    [
      12,
      0.2871888961458423
    ],
    [
      13,
      0.2871888961458423
    ],
    [
      14,
      0.2871888961458423
    ],
    [
      15,
      0.2871888961458423
    ],
    [
      16,
      0.28751585791646606
    ],
    [
      17,
      0.28694649973841224
    ],
    [
      18,
      0.28665067357662216
    ],
    [
      19,
      0.28665067357662216
    ],
    [
      20,
      0.28665067357662216
    ],
    [
      21,
      0.28665067357662216
    ],
    [
      22,
      0.28665067357662216
    ],
    [
      23,
      0.27827282763518646
    ],
    [
      24,
      0.27856207376842235
    ],
    [
      25,
      0.27856207376842235
    ],
    [
      26,
      0.27856207376842235
    ],
    [
      27,
      0.27856207376842235
    ],
    [
      28,
      0.27856207376842235
    ],
    [
      29,
      0.27856207376842235
    ],
    [
      30,
      0.27817830183859776
    ]
  ],
  "auc_history": [
    [
      1,
      0.5859766378893368
    ],
    [
      2,
      0.5955747489111689
    ],
    [
      3,
      0.5842099071062926
    ],
    [
      4,
      0.5876653493280547
    ],
    [
      5,
      0.5879028148659767
    ],
    [
      6,
      0.5878199392099939
    ],
    [
      7,
      0.5924080779468059
    ],
    [
      8,
      0.5924628311655491
    ],
    [
      9,
      0.5924810601442433
    ],
    [
      10,
      0.5925042272771488
    ],
    [
      11,
      0.5924928785761876
    ],
    [
      12,
      0.5925120047271399
    ],
    [
      13,
      0.5925316964636016
    ],
    [
      14,
      0.5925717195401525
    ],
    [
      15,
      0.5925931851244762
    ],
    [
      16,
      0.5926242196836483
    ],
    [
      17,
      0.5926346755172466
    ],
    [
      18,
      0.5926571535241877
    ],
    [
      19,
      0.5926105685002907
    ],
    [
      20,
      0.5926085680171551
    ],
    [
      21,
      0.5925908384891851
    ],
    [
      22,
      0.5926022676417035
    ],
    [
      23,
      0.5925727420204762
    ],
    [
      24,
      0.5924765290865177
    ],
    [
      25,
      0.5924782646597359
    ],
    [
      26,
      0.5924725961349405
    ],
    [
      27,
      0.5924773620170412
    ],
    [
      28,
      0.5924644207098587
    ],
    [
      29,
      0.5924651856256883
    ],
    [
      30,
      0.5924644383868537
    ]
  ],
  "final_f1": 0.27817830183859776,
  "final_auc": 0.5924644383868537,
  "final_nmi": 0.0,
  "final_ari": 0.0
}