{
  "method": "FedRankX",
  "n_clients": 32,
  "n_rounds": 3,
  "top_k": 30,
  "rank_metric": "kendall",
  "linkage_method": "ward",
  "distance_threshold": 0.5,
  "n_clusters_target": null,
  "losses": [
    [
      1,
      0.4459390047832742
    ],
    [
      2,
      0.4655286714517571
    ],
    [
      3,
      0.4930730358571235
    ]
  ],
  "f1_history": [
    [
      1,
      0.7810722668645489
    ],
    [
      2,
      0.7834130317026897
    ],
    [
      3,
      0.7851398890472291
    ]
  ],
  "auc_history": [
    [
      1,
      0.8242707396048777
    ],
    [
      2,
      0.8256248323873638
    ],
    [
      3,
      0.8223028043771681
    ]
  ],
  "round_cluster_history": [
    {
      "round": 1,
      "cluster_labels": [
        2,
        2,
        2,
        2,
        2,
        2,
        2,
        2,
        3,
        3,
        3,
        3,
        3,
        3,
        1,
        1,
        1,
        1,
        1,
        1,
        0,
        0,
        0,
        0,
        0,
        0,
        0,
        0,
        4,
        4,
        4,
        5
      ],
      "client_ids": [
        0,
        1,
        2,
        3,
        4,
        5,
        6,
        7,
        8,
        9,
        10,
        11,
        12,
        13,
        14,
        15,
        16,
        17,
        18,
        19,
        20,
        21,
        22,
        23,
        24,
        25,
        26,
        27,
        28,
        29,
        30,
        31
      ],
      "n_clusters": 6,
      "nmi": 0.978250792686655,
      "ari": 0.9797275204359673,
      "n_clusters_discovered": 6
    },
    {
      "round": 2,
      "cluster_labels": [
        2,
        2,
        2,
        2,
        2,
        2,
        2,
        2,
        3,
        3,
        3,
        3,
        3,
        3,
        1,
        1,
        1,
        1,
        1,
        1,
        0,
        0,
        0,
        0,
        0,
        0,
        0,
        0,
        4,
        4,
        4,
        5
      ],
      "client_ids": [
        0,
        1,
        2,
        3,
        4,
        5,
        6,
        7,
        8,
        9,
        10,
        11,
        12,
        13,
        14,
        15,
        16,
        17,
        18,
        19,
        20,
        21,
        22,
        23,
        24,
        25,
        26,
        27,
        28,
        29,
        30,
        31
      ],
      "n_clusters": 6,
      "nmi": 0.978250792686655,
      "ari": 0.9797275204359673,
      "n_clusters_discovered": 6
    },
    {
      "round": 3,
      "cluster_labels": [
        2,
        2,
        2,
        2,
        2,
        2,
        2,
        2,
        3,
        3,
        3,
        3,
        3,
        3,
        1,
        1,
        1,
        1,
        1,
        1,
        0,
        0,
        0,
        0,
        0,
        0,
        0,
        0,
        4,
        4,
        4,
        5
      ],
      "client_ids": [
        0,
        1,
        2,
        3,
        4,
        5,
        6,
        7,
        8,
        9,
        10,
        11,
        12,
        13,
        14,
        15,
        16,
        17,
        18,
        19,
        20,
        21,
        22,
        23,
        24,
        25,
        26,
        27,
        28,
        29,
        30,
        31
      ],
      "n_clusters": 6,
      "nmi": 0.978250792686655,
      "ari": 0.9797275204359673,
      "n_clusters_discovered": 6
    }
  ],
  "final_f1": 0.7851398890472291,
  "final_auc": 0.8223028043771681,
  "final_nmi": 0.978250792686655,
  "final_ari": 0.9797275204359673
}