{
  "method": "LocalOnly",
  "n_clients": 32,
  "n_rounds": 1,
  "per_client_f1": [
    0.9533678756476683,
    0.8095238095238095,
    0.8982035928143712,
    0.7741935483870968,
    0.7857142857142857,
    0.6764705882352942,
    0.9081632653061225,
    0.9387755102040817,
    0.44,
    0.8712871287128713,
    0.6296296296296297,
    0.4943820224719101,
    0.8847926267281107,
    0.8275862068965517,
    0.9552238805970149,
    0.9109947643979057,
    0.882051282051282,
    0.9150943396226415,
    0.9405940594059405,
    0.9381443298969072,
    0.5106382978723404,
    0.8374384236453202,
    0.5384615384615384,
    0.8527918781725888,
    0.8497409326424871,
    0.75,
    0.6865671641791045,
    0.38095238095238093,
    0.5106382978723404,
    0.5094339622641509,
    0.09302325581395349,
    0.8476190476190476
  ],
  "per_client_auc": [
    0.9436885865457294,
    0.9099836333878887,
    0.8820998278829604,
    0.8586135895676047,
    0.8961693548387096,
    0.8723470661672909,
    0.8677192982456141,
    0.8887719298245613,
    0.7408405172413793,
    0.6521192528735632,
    0.679245283018868,
    0.6469263381028088,
    0.686130007558579,
    0.636432350718065,
    0.9153166421207659,
    0.8291008922443377,
    0.803859649122807,
    0.8665910808767952,
    0.9030172413793104,
    0.8681885125184094,
    0.8157894736842106,
    0.6735087719298246,
    0.7550877192982456,
    0.7282768777614138,
    0.6633906633906634,
    0.7055999999999998,
    0.7381818181818182,
    0.806878306878307,
    0.7173132183908045,
    0.6911688311688312,
    0.5309278350515464,
    0.5594624447717231
  ],
  "final_f1": 0.743796810179336,
  "final_auc": 0.7728983442107324,
  "f1_std": 0.20612292129491228,
  "auc_std": 0.10998792492112734,
  "f1_history": [
    [
      1,
      0.743796810179336
    ]
  ],
  "auc_history": [
    [
      1,
      0.7728983442107324
    ]
  ],
  "final_nmi": 0.0,
  "final_ari": 0.0
}