{
  "method": "FedAvg",
  "n_clients": 16,
  "n_rounds": 30,
  "losses": [
    [
      1,
      0.8099968056222571
    ],
    [
      2,
      1.4285784962343926
    ],
    [
      3,
      1.8725589997081362
    ],
    [
      4,
      2.1585284186668017
    ],
    [
      5,
      2.4614244379135606
    ],
    [
      6,
      2.725457981836672
    ],
    [
      7,
      2.7349014769086435
    ],
    [
      8,
      2.8618527420982267
    ],
    [
      9,
      2.8602044237425375
    ],
    [
      10,
      2.889731907221027
    ],
    [
      11,
      2.916304772794197
    ],
    [
      12,
      2.9221329713605173
    ],
    [
      13,
      2.906967675336955
    ],
    [
      14,
      2.9482032850447206
    ],
    [
      15,
      2.977308166111443
    ],
    [
      16,
      2.9919967446451494
    ],
    [
      17,
      3.012721398396103
    ],
    [
      18,
      3.015784765807068
    ],
    [
      19,
      3.0283821572681253
    ],
    [
      20,
      3.0523225799273486
    ],
    [
      21,
      3.0600598790646334
    ],
    [
      22,
      3.0586083218298294
    ],
    [
      23,
      3.049305946495941
    ],
    [
      24,
      3.0446621922442323
    ],
    [
      25,
      3.0425703300913987
    ],
    [
      26,
      3.0391043646095244
    ],
    [
      27,
      3.0410915416211353
    ],
    [
      28,
      3.040840190528318
    ],
    [
      29,
      3.0420224695009948
    ],
    [
      30,
      3.0396933446303884
    ]
  ],
  "f1_history": [
    [
      1,
      0.7912231555388503
    ],
    [
      2,
      0.798113449399317
    ],
    [
      3,
      0.7989690775334035
    ],
    [
      4,
      0.7995782193675504
    ],
    [
      5,
      0.801032743275959
    ],
    [
      6,
      0.8014567595924492
    ],
    [
      7,
      0.8007833033568618
    ],
    [
      8,
      0.8005888378376471
    ],
    [
      9,
      0.8007225345703397
    ],
    [
      10,
      0.8007225345703397
    ],
    [
      11,
      0.8009453672931724
    ],
    [
      12,
      0.8009453672931724
    ],
    [
      13,
      0.8011629577650002
    ],
    [
      14,
      0.8011629577650002
    ],
    [
      15,
      0.8013868019152064
    ],
    [
      16,
      0.8016637752818863
    ],
    [
      17,
      0.8016637752818863
    ],
    [
      18,
      0.8021230680867167
    ],
    [
      19,
      0.8021230680867167
    ],
    [
      20,
      0.8021230680867167
    ],
    [
      21,
      0.8022028656401319
    ],
    [
      22,
      0.8022028656401319
    ],
    [
      23,
      0.8024367259826878
    ],
    [
      24,
      0.801905477614889
    ],
    [
      25,
      0.801905477614889
    ],
    [
      26,
      0.801905477614889
    ],
    [
      27,
      0.801771930606342
    ],
    [
      28,
      0.801771930606342
    ],
    [
      29,
      0.8014817237680136
    ],
    [
      30,
      0.8014817237680136
    ]
  ],
  "auc_history": [
    [
      1,
      0.784449757083709
    ],
    [
      2,
      0.7802603808534108
    ],
    [
      3,
      0.7841260528930915
    ],
    [
      4,
      0.7866812174238899
    ],
    [
      5,
      0.7878468270872812
    ],
    [
      6,
      0.7887607180467054
    ],
    [
      7,
      0.7891374118047638
    ],
    [
      8,
      0.7897688724069957
    ],
    [
      9,
      0.7902530074482287
    ],
    [
      10,
      0.7904444153251486
    ],
    [
      11,
      0.7906281492765429
    ],
    [
      12,
      0.7908590123620709
    ],
    [
      13,
      0.7908480581188003
    ],
    [
      14,
      0.7908334343446403
    ],
    [
      15,
      0.790630140539505
    ],
    [
      16,
      0.7906338804425255
    ],
    [
      17,
      0.7904147119621644
    ],
    [
      18,
      0.790417588032192
    ],
    [
      19,
      0.7904116073057512
    ],
    [
      20,
      0.7904089727994426
    ],
    [
      21,
      0.7904150823219026
    ],
    [
      22,
      0.7904094797786356
    ],
    [
      23,
      0.7904092894381258
    ],
    [
      24,
      0.790636289960557
    ],
    [
      25,
      0.7906303394083597
    ],
    [
      26,
      0.790624632295638
    ],
    [
      27,
      0.7906247843140171
    ],
    [
      28,
      0.7906249889966867
    ],
    [
      29,
      0.7906249889966867
    ],
    [
      30,
      0.7906308436876874
    ]
  ],
  "final_f1": 0.8014817237680136,
  "final_auc": 0.7906308436876874,
  "final_nmi": 0.0,
  "final_ari": 0.0
}