{
  "method": "FedClust",
  "n_clients": 16,
  "n_rounds": 30,
  "losses": [
    [
      1,
      0.2766376877257038
    ],
    [
      2,
      0.3324321545292918
    ],
    [
      3,
      0.40338184167953556
    ],
    [
      4,
      0.5453171812967327
    ],
    [
      5,
      0.573962375761863
    ],
    [
      6,
      0.7606214348967246
    ],
    [
      7,
      0.6949764057152337
    ],
    [
      8,
      0.9817910737875855
    ],
    [
      9,
      1.0011303477500229
    ],
    [
      10,
      1.0675899246000022
    ],
    [
      11,
      1.0754454711017414
    ],
    [
      12,
      1.086147217525711
    ],
    [
      13,
      1.106173675297164
    ],
    [
      14,
      1.0965541475775413
    ],
    [
      15,
      1.1078246213840086
    ],
    [
      16,
      1.1157213733544167
    ],
    [
      17,
      1.126164812874475
    ],
    [
      18,
      1.1335475340873573
    ],
    [
      19,
      1.1384671780816267
    ],
    [
      20,
      1.145388975808558
    ],
    [
      21,
      1.1521879586176569
    ],
    [
      22,
      1.160380177703817
    ],
    [
      23,
      1.1668758939124022
    ],
    [
      24,
      1.1727973957849316
    ],
    [
      25,
      1.1791663456284571
    ],
    [
      26,
      1.1851854941450848
    ],
    [
      27,
      1.1905564898005385
    ],
    [
      28,
      1.1959702114998634
    ],
    [
      29,
      1.2002683603321826
    ],
    [
      30,
      1.20514351173208
    ]
  ],
  "f1_history": [
    [
      1,
      0.861794586650591
    ],
    [
      2,
      0.8382512640340342
    ],
    [
      3,
      0.8336225817368618
    ],
    [
      4,
      0.8237489393690208
    ],
    [
      5,
      0.8249438364888444
    ],
    [
      6,
      0.8143270983659163
    ],
    [
      7,
      0.8191436559342136
    ],
    [
      8,
      0.7993653779708615
    ],
    [
      9,
      0.8000551100111666
    ],
    [
      10,
      0.7967758516103585
    ],
    [
      11,
      0.796144231546976
    ],
    [
      12,
      0.7952164521683572
    ],
    [
      13,
      0.7945261035985131
    ],
    [
      14,
      0.7950124361717299
    ],
    [
      15,
      0.7955273069026692
    ],
    [
      16,
      0.7941126017735647
    ],
    [
      17,
      0.7943458222255725
    ],
    [
      18,
      0.7948653135970893
    ],
    [
      19,
      0.7951277739772359
    ],
    [
      20,
      0.7944375329974638
    ],
    [
      21,
      0.7944632278256994
    ],
    [
      22,
      0.7944375194390532
    ],
    [
      23,
      0.7943842299480306
    ],
    [
      24,
      0.7942296935594744
    ],
    [
      25,
      0.7957095206626701
    ],
    [
      26,
      0.7951478500996423
    ],
    [
      27,
      0.7960477720696019
    ],
    [
      28,
      0.7955003061200308
    ],
    [
      29,
      0.7951399197370455
    ],
    [
      30,
      0.7948754730588464
    ]
  ],
  "auc_history": [
    [
      1,
      0.9286380860935011
    ],
    [
      2,
      0.8965567322575904
    ],
    [
      3,
      0.8903177535638727
    ],
    [
      4,
      0.8810315611097576
    ],
    [
      5,
      0.8810808508449738
    ],
    [
      6,
      0.8729967041986911
    ],
    [
      7,
      0.8771205474961783
    ],
    [
      8,
      0.8605145396032864
    ],
    [
      9,
      0.859747209096696
    ],
    [
      10,
      0.8572538611258288
    ],
    [
      11,
      0.8569274545405627
    ],
    [
      12,
      0.8561749001478087
    ],
    [
      13,
      0.855867596342134
    ],
    [
      14,
      0.8566389421530274
    ],
    [
      15,
      0.8562366657360322
    ],
    [
      16,
      0.85573927575993
    ],
    [
      17,
      0.8559625367393251
    ],
    [
      18,
      0.8555741975008313
    ],
    [
      19,
      0.8553489327100479
    ],
    [
      20,
      0.8549708475532681
    ],
    [
      21,
      0.8557844323729601
    ],
    [
      22,
      0.8552644493977326
    ],
    [
      23,
      0.8549295426792746
    ],
    [
      24,
      0.8544344854707397
    ],
    [
      25,
      0.8539963007238534
    ],
    [
      26,
      0.8536012272209125
    ],
    [
      27,
      0.8536052642042861
    ],
    [
      28,
      0.8538189500152504
    ],
    [
      29,
      0.8537043562464934
    ],
    [
      30,
      0.8537999813682976
    ]
  ],
  "final_f1": 0.7948754730588464,
  "final_auc": 0.8537999813682976,
  "final_nmi": 0.0,
  "final_ari": 0.0,
  "round_cluster_history": [
    {
      "round": 1,
      "cluster_labels": [
        1,
        3,
        3,
        1,
        0,
        0,
        0,
        0,
        3,
        3,
        3,
        3,
        0,
        0,
        2,
        2
      ]
    },
    {
      "round": 2,
      "cluster_labels": [
        1,
        2,
        2,
        1,
        0,
        0,
        0,
        0,
        2,
        2,
        2,
        2,
        0,
        0,
        0,
        0
      ]
    },
    {
      "round": 3,
      "cluster_labels": [
        1,
        1,
        2,
        3,
        0,
        0,
        0,
        0,
        1,
        1,
        1,
        1,
        0,
        0,
        0,
        0
      ]
    },
    {
      "round": 4,
      "cluster_labels": [
        7,
        5,
        6,
        4,
        0,
        0,
        0,
        0,
        1,
        3,
        2,
        3,
        0,
        0,
        0,
        0
      ]
    },
    {
      "round": 5,
      "cluster_labels": [
        7,
        5,
        6,
        2,
        0,
        0,
        0,
        0,
        3,
        1,
        4,
        1,
        0,
        0,
        0,
        0
      ]
    },
    {
      "round": 6,
      "cluster_labels": [
        5,
        3,
        4,
        7,
        0,
        0,
        0,
        0,
        1,
        6,
        2,
        6,
        0,
        0,
        0,
        0
      ]
    },
    {
      "round": 7,
      "cluster_labels": [
        7,
        5,
        6,
        3,
        0,
        0,
        0,
        0,
        1,
        4,
        2,
        5,
        0,
        0,
        0,
        0
      ]
    },
    {
      "round": 8,
      "cluster_labels": [
        5,
        3,
        4,
        8,
        0,
        0,
        0,
        0,
        1,
        7,
        2,
        6,
        0,
        0,
        0,
        0
      ]
    },
    {
      "round": 9,
      "cluster_labels": [
        5,
        3,
        4,
        8,
        0,
        0,
        0,
        0,
        1,
        7,
        2,
        6,
        0,
        0,
        0,
        0
      ]
    },
    {
      "round": 10,
      "cluster_labels": [
        5,
        3,
        4,
        8,
        0,
        0,
        0,
        0,
        1,
        7,
        2,
        6,
        0,
        0,
        0,
        0
      ]
    },
    {
      "round": 11,
      "cluster_labels": [
        5,
        3,
        4,
        8,
        0,
        0,
        0,
        0,
        1,
        7,
        2,
        6,
        0,
        0,
        0,
        0
      ]
    },
    {
      "round": 12,
      "cluster_labels": [
        5,
        3,
        4,
        8,
        0,
        0,
        0,
        0,
        1,
        7,
        2,
        6,
        0,
        0,
        0,
        0
      ]
    },
    {
      "round": 13,
      "cluster_labels": [
        5,
        3,
        4,
        8,
        0,
        0,
        0,
        0,
        1,
        7,
        2,
        6,
        0,
        0,
        0,
        0
      ]
    },
    {
      "round": 14,
      "cluster_labels": [
        5,
        3,
        4,
        8,
        0,
        0,
        0,
        0,
        1,
        7,
        2,
        6,
        0,
        0,
        0,
        0
      ]
    },
    {
      "round": 15,