{
  "method": "IFCA",
  "n_clients": 16,
  "n_rounds": 30,
  "losses": [
    [
      1,
      1.4427044680793322
    ],
    [
      2,
      2.135053104624438
    ],
    [
      3,
      2.5192978448734773
    ],
    [
      4,
      2.669291110779741
    ],
    [
      5,
      2.7485400615704925
    ],
    [
      6,
      2.7968775361355527
    ],
    [
      7,
      2.8169534152004982
    ],
    [
      8,
      2.879006178729705
    ],
    [
      9,
      2.897181917657016
    ],
    [
      10,
      2.9126372450067772
    ],
    [
      11,
      2.927698039685012
    ],
    [
      12,
      2.922451705758758
    ],
    [
      13,
      2.9138688813376006
    ],
    [
      14,
      2.9143739219760394
    ],
    [
      15,
      2.9070157154650693
    ],
    [
      16,
      2.9077170563813506
    ],
    [
      17,
      2.901721710035867
    ],
    [
      18,
      2.90528073376417
    ],
    [
      19,
      2.896407413979892
    ],
    [
      20,
      2.8898218868105348
    ],
    [
      21,
      2.8880209621028667
    ],
    [
      22,
      2.875059501117295
    ],
    [
      23,
      2.867322073733673
    ],
    [
      24,
      2.8550000538887756
    ],
    [
      25,
      2.8472375176204494
    ],
    [
      26,
      2.841507763402033
    ],
    [
      27,
      2.836180069380244
    ],
    [
      28,
      2.829649510757048
    ],
    [
      29,
      2.8199453867487283
    ],
    [
      30,
      2.809366791828946
    ]
  ],
  "f1_history": [
    [
      1,
      0.7968078382644025
    ],
    [
      2,
      0.8005389152957565
    ],
    [
      3,
      0.8002450177142654
    ],
    [
      4,
      0.8004955791952647
    ],
    [
      5,
      0.8005746435375847
    ],
    [
      6,
      0.8010742944019711
    ],
    [
      7,
      0.8012981385521772
    ],
    [
      8,
      0.8015236142131608
    ],
    [
      9,
      0.8015236142131608
    ],
    [
      10,
      0.8015236142131608
    ],
    [
      11,
      0.8020373374497063
    ],
    [
      12,
      0.8020373374497063
    ],
    [
      13,
      0.8020373374497063
    ],
    [
      14,
      0.8020373374497063
    ],
    [
      15,
      0.8020373374497063
    ],
    [
      16,
      0.8020373374497063
    ],
    [
      17,
      0.8020373374497063
    ],
    [
      18,
      0.8017442993251502
    ],
    [
      19,
      0.8017442993251502
    ],
    [
      20,
      0.8017442993251502
    ],
    [
      21,
      0.8017442993251502
    ],
    [
      22,
      0.8017442993251502
    ],
    [
      23,
      0.8017442993251502
    ],
    [
      24,
      0.8017442993251502
    ],
    [
      25,
      0.8017442993251502
    ],
    [
      26,
      0.8017442993251502
    ],
    [
      27,
      0.8017442993251502
    ],
    [
      28,
      0.8017442993251502
    ],
    [
      29,
      0.8017442993251502
    ],
    [
      30,
      0.8017442993251502
    ]
  ],
  "auc_history": [
    [
      1,
      0.7793360701242975
    ],
    [
      2,
      0.7870389822581021
    ],
    [
      3,
      0.7889896664070032
    ],
    [
      4,
      0.7904909828513612
    ],
    [
      5,
      0.790698327421046
    ],
    [
      6,
      0.7906950972401228
    ],
    [
      7,
      0.7909327514442834
    ],
    [
      8,
      0.7907150476925784
    ],
    [
      9,
      0.7907154356839018
    ],
    [
      10,
      0.7906951165178676
    ],
    [
      11,
      0.7906953253918417
    ],
    [
      12,
      0.7906925465025083
    ],
    [
      13,
      0.7909224129878374
    ],
    [
      14,
      0.7911187953782364
    ],
    [
      15,
      0.7911127203413052
    ],
    [
      16,
      0.7911068318445285
    ],
    [
      17,
      0.7910950197257016
    ],
    [
      18,
      0.7910917269784279
    ],
    [
      19,
      0.7911012335532799
    ],
    [
      20,
      0.7910865804896989
    ],
    [
      21,
      0.7910807307497281
    ],
    [
      22,
      0.7910774623112894
    ],
    [
      23,
      0.7913017383282067
    ],
    [
      24,
      0.7915255786405401
    ],
    [
      25,
      0.7915198803784624
    ],
    [
      26,
      0.7915198803784624
    ],
    [
      27,
      0.7917470156877189
    ],
    [
      28,
      0.7917440874643306
    ],
    [
      29,
      0.7917381850600689
    ],
    [
      30,
      0.791741299618542
    ]
  ],
  "final_f1": 0.8017442993251502,
  "final_auc": 0.791741299618542,
  "final_nmi": 0.0,
  "final_ari": 0.0
}