{
  "method": "FedAvg",
  "f1_mean": 0.8014817237680137,
  "f1_std": 1.1102230246251565e-16,
  "auc_mean": 0.7906308436876874,
  "auc_std": 0.0
}