{
  "method": "FedClust",
  "f1_mean": 0.7948754730588464,
  "f1_std": 0.0,
  "auc_mean": 0.8537999813682976,
  "auc_std": 0.0
}