{
  "method": "FedRankX",
  "f1_mean": 0.8363190316814441,
  "f1_std": 1.1102230246251565e-16,
  "auc_mean": 0.9012009403199454,
  "auc_std": 0.0,
  "nmi_mean": 0.721745621987266,
  "nmi_std": 0.0,
  "ari_mean": 0.3,
  "ari_std": 0.0
}