{
  "method": "IFCA",
  "f1_mean": 0.8017442993251502,
  "f1_std": 0.0,
  "auc_mean": 0.791741299618542,
  "auc_std": 0.0
}