{
  "method": "LocalOnly",
  "n_seeds": 3,
  "f1_mean": 0.1306945318509195,
  "f1_std": 0.0,
  "auc_mean": 0.5491365088679847,
  "auc_std": 0.0,
  "nmi_mean": 0.0,
  "nmi_std": 0.0,
  "ari_mean": 0.0,
  "ari_std": 0.0,
  "per_seed": {
    "f1": [
      0.1306945318509195,
      0.1306945318509195,
      0.1306945318509195
    ],
    "auc": [
      0.5491365088679847,
      0.5491365088679847,
      0.5491365088679847
    ]
  }
}