{
  "method": "LocalOnly",
  "n_clients": 32,
  "n_rounds": 1,
  "per_client_f1": [
    0.968421052631579,
    0.9694915254237289,
    0.966542750929368,
    0.9745454545454545,
    0.965034965034965,
    0.989010989010989,
    0.9896193771626297,
    0.968,
    0.7553648068669528,
    0.7027027027027027,
    0.5904761904761905,
    0.7096774193548387,
    0.6953125,
    0.66,
    0.9636363636363636,
    0.9629629629629629,
    0.944954128440367,
    0.9411764705882353,
    0.9655172413793104,
    0.941747572815534,
    0.802547770700637,
    0.7641196013289037,
    0.7049808429118773,
    0.7197231833910035,
    0.7490636704119851,
    0.725925925925926,
    0.7490909090909091,
    0.7446808510638298,
    0.8156862745098039,
    0.8560885608856088,
    0.8157894736842105,
    0.7932489451476793
  ],
  "per_client_auc": [
    0.9945214021647143,
    0.9943977591036415,
    0.996413199426112,
    0.998659457527146,
    0.997908787541713,
    0.9996417536160495,
    0.9958620689655173,
    0.9970870693186473,
    0.8822639225181598,
    0.8179284301384643,
    0.7795165273556232,
    0.8625609070464768,
    0.818296370967742,
    0.8222269888936555,
    0.9975391604751314,
    0.9916302952503209,
    0.9955668741746841,
    0.9959660947712418,
    0.9984650425826896,
    0.9950123480703114,
    0.8460238391745241,
    0.8469106125356125,
    0.8256473214285713,
    0.7861111111111111,
    0.8484544359694903,
    0.8250356569798538,
    0.8597020933977455,
    0.8626341811055187,
    0.9259106150383538,
    0.9520173749496216,
    0.9400462962962963,
    0.9122983870967741
  ],
  "final_f1": 0.8395356400942044,
  "final_auc": 0.9175705120309847,
  "f1_std": 0.12021431832004459,
  "auc_std": 0.07835271033622994,
  "f1_history": [
    [
      1,
      0.8395356400942044
    ]
  ],
  "auc_history": [
    [
      1,
      0.9175705120309847
    ]
  ],
  "final_nmi": 0.0,
  "final_ari": 0.0
}