{
  "method": "FedClust",
  "n_clients": 32,
  "n_rounds": 2,
  "losses": [
    [
      1,
      0.295006090047285
    ],
    [
      2,
      0.3475154497307527
    ]
  ],
  "f1_history": [
    [
      1,
      0.8445978019545357
    ],
    [
      2,
      0.820333793602445
    ]
  ],
  "auc_history": [
    [
      1,
      0.9212764618394687
    ],
    [
      2,
      0.8898882635522364
    ]
  ],
  "final_f1": 0.820333793602445,
  "final_auc": 0.8898882635522364,
  "final_nmi": 0.0,
  "final_ari": 0.0,
  "round_cluster_history": [
    {
      "round": 1,
      "cluster_labels": [
        2,
        1,
        1,
        2,
        1,
        1,
        1,
        1,
        0,
        0,
        0,
        0,
        0,
        0,
        1,
        1,
        1,
        1,
        2,
        2,
        0,
        0,
        0,
        0,
        0,
        0,
        0,
        0,
        3,
        3,
        3,
        3
      ]
    },
    {
      "round": 2,
      "cluster_labels": [
        1,
        2,
        2,
        1,
        2,
        2,
        2,
        2,
        0,
        0,
        0,
        0,
        0,
        0,
        2,
        2,
        2,
        2,
        1,
        1,
        0,
        0,
        0,
        0,
        0,
        0,
        0,
        0,
        0,
        0,
        0,
        0
      ]
    }
  ]
}