{
  "method": "FedRankX",
  "n_clients": 32,
  "n_rounds": 5,
  "top_k": 30,
  "rank_metric": "kendall",
  "linkage_method": "ward",
  "distance_threshold": 0.5,
  "n_clusters_target": null,
  "losses": [
    [
      1,
      0.27369140289254235
    ],
    [
      2,
      0.28445675099182627
    ],
    [
      3,
      0.3004304737372284
    ],
    [
      4,
      0.31185810456931384
    ],
    [
      5,
      0.3215381795139594
    ]
  ],
  "f1_history": [
    [
      1,
      0.8592724817973428
    ],
    [
      2,
      0.8574300066481616
    ],
    [
      3,
      0.8558510173738922
    ],
    [
      4,
      0.8565090760454271
    ],
    [
      5,
      0.8577267128031962
    ]
  ],
  "auc_history": [
    [
      1,
      0.9363763842764384
    ],
    [
      2,
      0.9369793077295521
    ],
    [
      3,
      0.9364899831923772
    ],
    [
      4,
      0.9355014141546877
    ],
    [
      5,
      0.9348862272262297
    ]
  ],
  "round_cluster_history": [
    {
      "round": 1,
      "cluster_labels": [
        6,
        13,
        11,
        15,
        9,
        8,
        11,
        8,
        0,
        1,
        1,
        0,
        0,
        1,
        7,
        8,
        9,
        10,
        12,
        14,
        0,
        1,
        1,
        1,
        1,
        1,
        1,
        1,
        2,
        4,
        3,
        5
      ],
      "client_ids": [
        0,
        1,
        2,
        3,
        4,
        5,
        6,
        7,
        8,
        9,
        10,
        11,
        12,
        13,
        14,
        15,
        16,
        17,
        18,
        19,
        20,
        21,
        22,
        23,
        24,
        25,
        26,
        27,
        28,
        29,
        30,
        31
      ],
      "n_clusters": 16,
      "nmi": 0.613831837096452,
      "ari": 0.29259634888438135,
      "n_clusters_discovered": 16
    },
    {
      "round": 2,
      "cluster_labels": [
        13,
        10,
        8,
        9,
        11,
        14,
        5,
        13,
        1,
        0,
        0,
        1,
        1,
        0,
        12,
        14,
        7,
        15,
        6,
        7,
        1,
        0,
        0,
        0,
        0,
        0,
        0,
        0,
        2,
        3,
        2,
        4
      ],
      "client_ids": [
        0,
        1,
        2,
        3,
        4,
        5,
        6,
        7,
        8,
        9,
        10,
        11,
        12,
        13,
        14,
        15,
        16,
        17,
        18,
        19,
        20,
        21,
        22,
        23,
        24,
        25,
        26,
        27,
        28,
        29,
        30,
        31
      ],
      "n_clusters": 16,
      "nmi": 0.6412935747876528,
      "ari": 0.3127786979233023,
      "n_clusters_discovered": 16
    },
    {
      "round": 3,
      "cluster_labels": [
        10,
        13,
        7,
        8,
        15,
        11,
        14,
        11,
        1,
        0,
        0,
        1,
        1,
        0,
        16,
        12,
        6,
        10,
        9,
        6,
        1,
        0,
        0,
        0,
        0,
        0,
        0,
        0,
        2,
        4,
        3,
        5
      ],
      "client_ids": [
        0,
        1,
        2,
        3,
        4,
        5,
        6,
        7,
        8,
        9,
        10,
        11,
        12,
        13,
        14,
        15,
        16,
        17,
        18,
        19,
        20,
        21,
        22,
        23,
        24,
        25,
        26,
        27,
        28,
        29,
        30,
        31
      ],
      "n_clusters": 17,
      "nmi": 0.6343890793207769,
      "ari": 0.30140845070422534,
      "n_clusters_discovered": 17
    },
    {
      "round": 4,
      "cluster_labels": [
        10,
        11,
        15,
        14,
        6,
        8,
        12,
        8,
        1,
        0,
        0,
        1,
        1,
        0,
        7,
        9,
        13,
        10,
        16,
        13,
        1,
        0,
        0,
        0,
        0,
        0,
        0,
        0,
        2,
        5,
        3,
        4
      ],
      "client_ids": [
        0,
        1,
        2,
        3,
        4,
        5,
        6,
        7,
        8,
        9,
        10,
        11,
        12,
        13,
        14,
        15,
        16,
        17,
        18,
        19,
        20,
        21,
        22,
        23,
        24,
        25,
        26,
        27,
        28,
        29,
        30,
        31
      ],
      "n_clusters": 17,
      "nmi": 0.6343890793207769,
      "ari": 0.30140845070422534,
      "n_clusters_discovered": 17
    },
    {
      "round": 5,
      "cluster_labels": [
        10,
        11,
        14,
        13,
        6,
        8,
        12,
        8,
        1,
        0,
        0,
        1,
        1,
        0,
        7,
        9,
        14,
        10,
        15,
        13,
        1,
        0,
        0,
        0,
        0,
        0,
        0,
        0,
        2,
        5,
        3,
        4
      ],
      "client_ids": [
        0,
        1,
        2,
        3,
        4,
        5,
        6,
        7,
        8,
        9,
        10,
        11,
        12,
        13,
        14,
        15,
        16,
        17,
        18,
        19,
        20,
        21,
        22,
        23,
        24,
        25,
        26,
        27,
        28,
        29,
        30,
        31
      ],
      "n_clusters": 16,
      "nmi": 0.5977588060348976,
      "ari": 0.28118231621862655,
      "n_clusters_discovered": 16
    }
  ],
  "final_f1": 0.8577267128031962,
  "final_auc": 0.9348862272262297,
  "final_nmi": 0.5977588060348976,
  "final_ari": 0.28118231621862655
}