{
  "method": "RandomCluster",
  "n_clients": 32,
  "n_rounds": 2,
  "f1_history": [
    [
      1,
      0.7770123212860806
    ],
    [
      2,
      0.7811344609106254
    ]
  ],
  "auc_history": [
    [
      1,
      0.7496054801154174
    ],
    [
      2,
      0.7473972258491647
    ]
  ],
  "final_f1": 0.7811344609106254,
  "final_auc": 0.7473972258491647,
  "final_nmi": 0.0,
  "final_ari": 0.0
}