{
  "FedRankX": {
    "f1": "0.8543 +/- 0.0000",
    "auc": "0.9295 +/- 0.0000",
    "nmi": "0.649 +/- 0.000",
    "ari": "0.306 +/- 0.000",
    "f1_mean": 0.8542575043719335,
    "f1_std": 1.1102230246251565e-16,
    "auc_mean": 0.9294648639852636,
    "auc_std": 0.0,
    "nmi_mean": 0.648935334306762,
    "nmi_std": 0.0,
    "ari_mean": 0.30588083901685753,
    "ari_std": 0.0
  },
  "FedAvg": {
    "f1": "0.7853 +/- 0.0000",
    "auc": "0.7584 +/- 0.0000",
    "f1_mean": 0.785314754882387,
    "f1_std": 0.0,
    "auc_mean": 0.7583942349600458,
    "auc_std": 1.1102230246251565e-16
  },
  "IFCA": {
    "f1": "0.7855 +/- 0.0000",
    "auc": "0.7589 +/- 0.0000",
    "f1_mean": 0.7855379891104852,
    "f1_std": 0.0,
    "auc_mean": 0.7589264422894106,
    "auc_std": 0.0
  },
  "LocalOnly": {
    "f1": "0.8395 +/- 0.0000",
    "auc": "0.9176 +/- 0.0000",
    "f1_mean": 0.8395356400942044,
    "f1_std": 0.0,
    "auc_mean": 0.9175705120309847,
    "auc_std": 0.0
  },
  "RandomCluster": {
    "f1": "0.7853 +/- 0.0000",
    "auc": "0.7584 +/- 0.0000",
    "f1_mean": 0.785314754882387,
    "f1_std": 0.0,
    "auc_mean": 0.7583942349600458,
    "auc_std": 1.1102230246251565e-16
  },
  "FedClust": {
    "f1": "0.7629 +/- 0.0000",
    "auc": "0.8348 +/- 0.0000",
    "f1_mean": 0.7629133251021337,
    "f1_std": 0.0,
    "auc_mean": 0.8348258306788718,
    "auc_std": 0.0
  }
}