{
  "method": "FedClust",
  "n_clients": 32,
  "n_rounds": 30,
  "losses": [
    [
      1,
      0.388549285347764
    ],
    [
      2,
      0.7657770483224396
    ],
    [
      3,
      1.0202919135025637
    ],
    [
      4,
      1.3315811108376818
    ],
    [
      5,
      1.370670403784461
    ],
    [
      6,
      1.3973598850783993
    ],
    [
      7,
      1.4227403237803413
    ],
    [
      8,
      1.4453927454484565
    ],
    [
      9,
      1.4667685948903408
    ],
    [
      10,
      1.4840230053681152
    ],
    [
      11,
      1.501849258541724
    ],
    [
      12,
      1.5177208203348305
    ],
    [
      13,
      1.534395158245239
    ],
    [
      14,
      1.5450133641003507
    ],
    [
      15,
      1.55425876240938
    ],
    [
      16,
      1.5615437759587623
    ],
    [
      17,
      1.5688430774767996
    ],
    [
      18,
      1.5745967452979999
    ],
    [
      19,
      1.5799016973800912
    ],
    [
      20,
      1.584201024134228
    ],
    [
      21,
      1.5885582793596253
    ],
    [
      22,
      1.5949086048291867
    ],
    [
      23,
      1.5981637020666675
    ],
    [
      24,
      1.6021891598219316
    ],
    [
      25,
      1.609778030145234
    ],
    [
      26,
      1.6122869465367564
    ],
    [
      27,
      1.6145090324605882
    ],
    [
      28,
      1.6158490104362981
    ],
    [
      29,
      1.6170543796122843
    ],
    [
      30,
      1.61852212173659
    ]
  ],
  "f1_history": [
    [
      1,
      0.815250065041495
    ],
    [
      2,
      0.7958709354615131
    ],
    [
      3,
      0.7862538383492029
    ],
    [
      4,
      0.7675437548925643
    ],
    [
      5,
      0.7649591577280235
    ],
    [
      6,
      0.7654512791327803
    ],
    [
      7,
      0.7641570762480397
    ],
    [
      8,
      0.7633471897107864
    ],
    [
      9,
      0.763625024788667
    ],
    [
      10,
      0.7642615450241874
    ],
    [
      11,
      0.7638944606013643
    ],
    [
      12,
      0.7630014181594368
    ],
    [
      13,
      0.7627611277626283
    ],
    [
      14,
      0.7625589814893968
    ],
    [
      15,
      0.763030620928447
    ],
    [
      16,
      0.7628614218672009
    ],
    [
      17,
      0.7628275863474281
    ],
    [
      18,
      0.7629207367332624
    ],
    [
      19,
      0.7628860714792153
    ],
    [
      20,
      0.762969931069689
    ],
    [
      21,
      0.7624005308991553
    ],
    [
      22,
      0.7624005308991553
    ],
    [
      23,
      0.7621658485372017
    ],
    [
      24,
      0.7624225625617992
    ],
    [
      25,
      0.7625106100317964
    ],
    [
      26,
      0.7628267625728501
    ],
    [
      27,
      0.7627929508512226
    ],
    [
      28,
      0.7629633673784891
    ],
    [
      29,
      0.7629133251021337
    ],
    [
      30,
      0.7629133251021337
    ]
  ],
  "auc_history": [
    [
      1,
      0.8871723000653848
    ],
    [
      2,
      0.8694468091007285
    ],
    [
      3,
      0.8562688957044654
    ],
    [
      4,
      0.8419180617309802
    ],
    [
      5,
      0.8393710705447642
    ],
    [
      6,
      0.8393533143135823
    ],
    [
      7,
      0.8382824141718572
    ],
    [
      8,
      0.8375417146902694
    ],
    [
      9,
      0.8369277544471395
    ],
    [
      10,
      0.8366194642015323
    ],
    [
      11,
      0.8362447404655161
    ],
    [
      12,
      0.8356792114542657
    ],
    [
      13,
      0.8356202402252968
    ],
    [
      14,
      0.8351500045429016
    ],
    [
      15,
      0.835280515729454
    ],
    [
      16,
      0.8351963971456371
    ],
    [
      17,
      0.8353421581259503
    ],
    [
      18,
      0.8351894001676742
    ],
    [
      19,
      0.8351796629399295
    ],
    [
      20,
      0.835201050453339
    ],
    [
      21,
      0.8351028681139359
    ],
    [
      22,
      0.8348581829283988
    ],
    [
      23,
      0.8349625938144795
    ],
    [
      24,
      0.8351234569490525
    ],
    [
      25,
      0.8349052071680286
    ],
    [
      26,
      0.8349263034621554
    ],
    [
      27,
      0.8348481703646222
    ],
    [
      28,
      0.834811597174071
    ],
    [
      29,
      0.8348817232503205
    ],
    [
      30,
      0.8348258306788718
    ]
  ],
  "final_f1": 0.7629133251021337,
  "final_auc": 0.8348258306788718,
  "final_nmi": 0.0,
  "final_ari": 0.0,
  "round_cluster_history": [
    {
      "round": 1,
      "cluster_labels": [
        1,
        2,
        2,
        1,
        2,
        2,
        2,
        2,
        0,
        0,
        0,
        0,
        0,
        0,
        2,
        2,
        2,
        2,
        1,
        1,
        0,
        0,
        0,
        0,
        0,
        0,
        0,
        0,
        0,
        0,
        0,
        0
      ]
    },
    {
      "round": 2,
      "cluster_labels": [
        2,
        1,
        3,
        5,
        3,
        7,
        6,
        3,
        0,
        0,
        0,
        0,
        0,
        0,
        8,
        4,
        1,
        1,
        6,
        3,
        0,
        0,
        0,
        0,
        0,
        0,
        0,
        0,
        0,
        0,
        0,
        0
      ]
    },
    {
      "round": 3,
      "cluster_labels": [
        9,
        9,
        2,
        3,
        10,
        6,
        1,
        2,
        0,
        0,
        0,
        0,
        0,
        0,
        8,
        4,
        5,
        8,
        1,
        7,
        0,
        0,
        0,
        0,
        0,
        0,
        0,
        0,
        0,
        0,
        0,
        0
      ]
    },
    {
      "round": 4,
      "cluster_labels": [
        11,
        11,
        1,
        3,
        12,
        7,
        6,
        2,
        0,
        0,
        0,
        0,
        0,
        0,
        10,
        4,
        5,
        9,
        12,
        8,
        0,
        0,
        0,
        0,
        0,
        0,
        0,
        0,
        0,
        0,
        0,
        0
      ]
    },
    {
      "round": 5,
      "cluster_labels": [
        2,
        3,
        5,
        7,
        1,
        4,
        10,
        6,
        0,
        0,
        0,
        0,
        0,
        0,
        13,
        8,
        9,
        11,
        1,
        12,
        0,
        0,
        0,
        0,
        0,
        0,
        0,
        0,
        0,
        0,
        0,
        0
      ]
    },
    {
      "round": 6,
      "cluster_labels": [
        2,
        3,
        5,
        7,
        1,
        4,
        10,
        6,
        0,
        0,
        0,
        0,
        0,
        0,
        13,
        8,
        9,
        11,
        1,
        12,
        0,
        0,
        0,
        0,
        0,
        0,
        0,
        0,
        0,
        0,
        0,
        0
      ]
    },
    {
      "round": 7,
      "cluster_labels": [
        2,
        3,
        5,
        7,
        1,
        4,
        10,
        6,
        0,
        0,
        0,
        0,
        0,
        0,
        13,
        8,
        9,
        11,
        1,
        12,
        0,
        0,
        0,
        0,
        0,
        0,
        0,
        0,
        0,
        0,
        0,
        0
      ]
    },
    {
      "round": 8,
      "cluster_labels": [
        2,
        3,
        5,
        7,
        1,
        4,
        10,
        6,
        0,
        0,
        0,
        0,
        0,
        0,
        13,
        8,
        9,
        11,
        1,
        12,
        0,
        0,
        0,
        0,
        0,
        0,
        0,
        0,
        0,
        0,
        0,
        0
      ]
    },
    {
      "round": 9,