{
  "method": "FedRankX",
  "n_clients": 32,
  "n_rounds": 2,
  "top_k": 30,
  "rank_metric": "kendall",
  "linkage_method": "ward",
  "distance_threshold": 0.5,
  "n_clusters_target": null,
  "losses": [
    [
      1,
      0.05141337717209183
    ],
    [
      2,
      0.0067936272489685584
    ]
  ],
  "f1_history": [
    [
      1,
      0.9987814949623458
    ],
    [
      2,
      0.9995122840114908
    ]
  ],
  "auc_history": [
    [
      1,
      0.9999914536848589
    ],
    [
      2,
      0.999987171592775
    ]
  ],
  "round_cluster_history": [
    {
      "round": 1,
      "cluster_labels": [
        19,
        27,
        28,
        23,
        25,
        20,
        21,
        22,
        2,
        7,
        9,
        0,
        3,
        11,
        24,
        29,
        26,
        30,
        31,
        16,
        8,
        12,
        13,
        4,
        5,
        10,
        1,
        6,
        18,
        14,
        15,
        17
      ],
      "client_ids": [
        0,
        1,
        2,
        3,
        4,
        5,
        6,
        7,
        8,
        9,
        10,
        11,
        12,
        13,
        14,
        15,
        16,
        17,
        18,
        19,
        20,
        21,
        22,
        23,
        24,
        25,
        26,
        27,
        28,
        29,
        30,
        31
      ],
      "n_clusters": 32,
      "nmi": 0.6264941972088811,
      "ari": 0.0,
      "n_clusters_discovered": 32
    },
    {
      "round": 2,
      "cluster_labels": [
        28,
        18,
        19,
        14,
        17,
        29,
        24,
        25,
        0,
        5,
        8,
        9,
        2,
        11,
        16,
        30,
        15,
        26,
        27,
        20,
        13,
        1,
        3,
        4,
        6,
        12,
        10,
        7,
        31,
        21,
        23,
        22
      ],
      "client_ids": [
        0,
        1,
        2,
        3,
        4,
        5,
        6,
        7,
        8,
        9,
        10,
        11,
        12,
        13,
        14,
        15,
        16,
        17,
        18,
        19,
        20,
        21,
        22,
        23,
        24,
        25,
        26,
        27,
        28,
        29,
        30,
        31
      ],
      "n_clusters": 32,
      "nmi": 0.6264941972088811,
      "ari": 0.0,
      "n_clusters_discovered": 32
    }
  ],
  "final_f1": 0.9995122840114908,
  "final_auc": 0.999987171592775,
  "final_nmi": 0.6264941972088811,
  "final_ari": 0.0
}